record_date,ism_no,shipment_date,time_in,time_out,origin,destination,plate_no,load_details,driver_name,trip_fuel,route,trip_date
2026-09-28,31946326,2026-09-27,10:27:00,,GENSAN,DAV2,MUB289,1P,SALCEDA,1ST-105 INV12125 9.27,GENSAN to DAV2,2026-09-27
2026-09-28,31946766,2026-09-28,10:27:00,11:46:00,DAV2,PLAS,MUB289,CLTR 46P,SALCEDA,1ST-105 INV12125 9.27,DAV2 to PLAS,2026-09-28
2026-09-28,31942551-HUSTLING,2026-09-28,11:56:00,13:13:00,PLAS,DAV2,MUB289,CLTR 46P,SALCEDA,1ST-105 INV12125 9.27,PLAS to DAV2,2026-09-28
2026-09-28,31931923,2026-09-28,13:22:00,14:55:00,DAV2,GENSAN,MUB289,CLTR 46P,SALCEDA,1ST-105 INV12125 9.27,DAV2 to GENSAN,2026-09-28
2026-09-28,31946214,2026-09-27,17:09:00,,GENSAN,PLAS,MUA518,1P,LABISTO,1ST-115 INV12111 9.27,GENSAN to PLAS,2026-09-27
2026-09-28,31942556,2026-09-28,17:09:00,17:51:00,PLAS,DAV2,MUA518,CLTR 46P,LABISTO,1ST-115 INV12111 9.27,PLAS to DAV2,2026-09-28
2026-09-28,31931924,2026-09-28,19:39:00,22:16:00,DAV2,GENSAN,MUA518,CLTR 46P,LABISTO,1ST-115 INV12111 9.27,DAV2 to GENSAN,2026-09-28
2026-09-28,31946327,2026-09-27,22:23:00,,GENSAN,DAV2,MUA548,1P,MAMAC,1ST-105 INV12130 9.27,GENSAN to DAV2,2026-09-27
2026-09-28,31946329,2026-09-27,00:31:00,,GENSAN,DAV2,MUA538,1P,MADAMBA,1ST-85L INV12134 9.27,GENSAN to DAV2,2026-09-27
2026-09-28,31946781,2026-09-28,00:31:00,01:34:00,DAV2,PLAS,MUA548,CLTR 46P,MAMAC,1ST-105 INV12130 9.27,DAV2 to PLAS,2026-09-28
2026-09-28,31942575-HUSTLING,2026-09-28,01:44:00,02:55:00,PLAS,DAV2,MUA548,CLTR 46P,MAMAC,1ST-105 INV12130 9.27,PLAS to DAV2,2026-09-28
2026-09-28,31944283,2026-09-27,21:25:00,,GENSAN,PLAS,MUA551,1P,ASPACIO,1ST-105 INV12116 9.27,GENSAN to PLAS,2026-09-27
2026-09-28,31942572,2026-09-28,21:25:00,22:35:00,PLAS,DAV2,MUA551,CLTR 46P,ASPACIO,1ST-105 INV12116 9.27,PLAS to DAV2,2026-09-28
2026-09-28,31938608,2026-09-28,01:41:00,07:56:00,DAV2,GENSAN,MUA551,CLTR 46P,ASPACIO,1ST-105 INV12116 9.27,DAV2 to GENSAN,2026-09-28
2026-09-29,31938605,2026-09-29,00:31:00,04:37:00,DAV2,GENSAN,MUA538,CLTR 36P,MADAMBA,1ST-85L INV12134 9.27,DAV2 to GENSAN,2026-09-29
2026-09-29,31945504,2026-09-29,08:00:00,10:07:00,DAV2,GENSAN,MUA548,CLTR 46P,MAMAC,1ST-105 INV12130 9.27,DAV2 to GENSAN,2026-09-29
2026-09-29,31944281,2026-09-26,22:27:00,,GENSAN,PLAS,MUA973,CLTR 24P,LIRAY,1ST-100 INV12096 9.26,GENSAN to PLAS,2026-09-26
2026-09-29,31942573,2026-09-29,22:27:00,23:50:00,PLAS,DAV2,MUA973,CLTR 36P,LIRAY,1ST-100 INV12096 9.26,PLAS to DAV2,2026-09-29
2026-09-29,31893536-HUSTLING,2026-09-29,08:12:00,10:20:00,DAV2,PLAS,MUA973,CLTR 46P,LIRAY,1ST-100 INV12096 9.26,DAV2 to PLAS,2026-09-29
2026-09-29,31946801-HUSTLING,2026-09-29,10:30:00,17:25:00,PLAS,DAV2,MUA973,CLTR 36P,LIRAY,1ST-100 INV12096 9.26,PLAS to DAV2,2026-09-29
2026-09-29,31952949,2026-09-29,09:18:00,,GENSAN,PLAS,MUB289,CLTR 46P,SALCEDA,2ND-105 INV12220 9.28,GENSAN to PLAS,2026-09-29
2026-09-29,31942632,2026-09-29,09:18:00,14:09:00,PLAS,DAV2,MUB289,CLTR 46P,SALCEDA,2ND-105 INV12220 9.28,PLAS to DAV2,2026-09-29
2026-09-29,31946785-HUSTLING,2026-09-29,14:28:00,16:12:00,DAV2,PLAS,MUB289,CLTR 46P,SALCEDA,2ND-105 INV12220 9.28,DAV2 to PLAS,2026-09-29
2026-09-29,31946804-HUSTLING,2026-09-29,16:22:00,18:20:00,PLAS,DAV2,MUB289,CLTR 46P,SALCEDA,2ND-105 INV12220 9.28,PLAS to DAV2,2026-09-29
2026-09-29,31945495,2026-09-29,21:43:00,05:55:00,DAV2,GENSAN,MUA973,CTALL 36P,LIRAY,1ST-100 INV12096 9.26,DAV2 to GENSAN,2026-09-29
2026-09-29,31945505,2026-09-29,23:12:00,01:52:00,DAV2,GENSAN,MUB289,CLTR 46P,SALCEDA,2ND-105 INV12220 9.28,DAV2 to GENSAN,2026-09-29
2026-09-30,31950850,2026-09-28,01:10:00,,GENSAN,DAV1,MUB282,CKSALO 36P,SAMARCA,1ST-110 INV1228/12268 9.28/9.29,GENSAN to DAV1,2026-09-28
2026-09-30,31953531,2026-09-30,01:15:00,,GENSAN,DAV1,MUA538,"RTALL,STALL 36P",MADAMBA,2ND-95L INV12267 9.29,GENSAN to DAV1,2026-09-30
2026-09-30,31958390,2026-09-29,06:30:00,,GENSAN,DAV1,MUA518,CKASALO 46P,LABISTO,2ND-135 INV12290 9.29,GENSAN to DAV1,2026-09-29
2026-09-28,31932859,2026-09-26,06:00:00,,GENSAN,PLAS,MUB263,CLTR 36P,ARABELLA,1ST-110 INV12056 9.26,GENSAN to PLAS,2026-09-26
2026-09-28,31942558,2026-09-28,06:00:00,09:00:00,PLAS,DAV2,MUB263,CLTR 36P,ARABELLA,1ST-110 INV12056 9.26,PLAS to DAV2,2026-09-28
2026-09-30,31945501,2026-09-30,08:23:00,09:43:00,DAV2,GENSAN,MUB263,C1.75L 36P,ARABELLA,1ST-110 INV12056 9.26,DAV2 to GENSAN,2026-09-30
2026-09-29,31952896,2026-09-28,09:07:00,,GENSAN,PLAS,MUB106,CLTR 46P,VALERA,1ST-105 INV12218 9.28,GENSAN to PLAS,2026-09-28
2026-09-29,31942630,2026-09-29,09:07:00,13:24:00,PLAS,DAV2,MUB106,CLTR 46P,VALERA,1ST-105 INV12218 9.28,PLAS to DAV2,2026-09-29
2026-09-30,31945507,2026-09-30,08:29:00,10:02:00,DAV2,GENSAN,MUB106,CLTR 46P,VALERA,1ST-105 INV12218 9.28,DAV2 to GENSAN,2026-09-30
2026-09-30,31958391,2026-09-29,06:07:00,,GENSAN,PLAS,MUA551,CLTR 46P,ASPACIO,2ND-105 INV 12276 9.29,GENSAN to PLAS,2026-09-29
2026-09-30,31946803,2026-09-30,06:07:00,07:04:00,PLAS,DAV2,MUA551,CLR 46P,ASPACIO,2ND-105 INV 12276 9.29,PLAS to DAV2,2026-09-30
2026-09-30,31945506,2026-09-30,08:30:00,10:22:00,DAV2,GENSAN,MUA551,CLTR 46P,ASPACIO,2ND-105 INV 12276 9.29,DAV2 to GENSAN,2026-09-30
2026-09-30,31956645,2026-09-29,08:04:00,,GENSAN,PLAS,MUA548,CLTR 46P,MAMAC,2ND-105 INV12303 9.29,GENSAN to PLAS,2026-09-29
2026-09-30,31946818,2026-09-30,08:04:00,09:13:00,PLAS,DAV2,MUA548,CLTR 46P,MAMAC,2ND-105 INV12303 9.29,PLAS to DAV2,2026-09-30
2026-09-30,31945508,2026-09-30,09:25:00,11:33:00,DAV2,GENSAN,MUA548,CLTR 46P,MAMAC,2ND-105 INV12303 9.29,DAV2 to GENSAN,2026-09-30
2026-09-30,31962126-HUSTLING,2026-09-30,01:15:00,08:50:00,DAV1,PLAS,MUA538,CLTR 36P,MADAMBA,1ST-85L INV12134 9.27,DAV1 to PLAS,2026-09-30
2026-09-30,31962127-HUSTLING,2026-09-30,01:10:00,08:45:00,DAV1,PLAS,MUB282,CLTR 28P,SAMARCA,1ST-110 INV1228/12268 9.28/9.29,DAV1 to PLAS,2026-09-30
2026-09-30,31960384,2026-09-30,,,DAV1,GENSAN,MUA518,SPT LTR 46P,LABISTO,2ND-135 INV12290 9.29,DAV1 to GENSAN,2026-09-30
2026-09-30,31946820-HUSTLING,2026-09-30,09:46:00,10:23:00,PLAS,DAV2,MUA538,CLTR 36P,MADAMBA,2ND-95L INV12267 9.29,PLAS to DAV2,2026-09-30
2026-09-30,31945509,2026-09-30,11:00:00,14:55:00,DAV2,GENSAN,MUA538,CLTR 36P,MADAMBA,2ND-95L INV12267 9.29,DAV2 to GENSAN,2026-09-30
2026-09-30,31946821-HUSTLING,2026-09-30,10:05:00,11:03:00,PLAS,DAV2,MUB282,CLTR 36P,SAMARCA,1ST-110 INV1228/12268 9.28/9.29,PLAS to DAV2,2026-09-30
2026-09-30,31952109,2026-09-30,11:53:00,15:14:00,DAV2,GENSAN,MUB282,CLTR 36P,SAMARCA,1ST-110 INV1228/12268 9.28/9.29,DAV2 to GENSAN,2026-09-30
2026-09-30,31959946,2026-09-30,17:20:00,,GENSAN,PLAS,MUB109,CLTR 46P,CABADA,1ST-105 INV12308 9.29,GENSAN to PLAS,2026-09-30
2026-09-30,31946828,2026-09-30,17:20:00,18:35:00,PLAS,DAV2,MUB109,CLTR 46P,CABADA,1ST-105 INV12308 9.29,PLAS to DAV2,2026-09-30
2026-09-30,31952113,2026-09-30,19:30:00,00:10:00,DAV2,GENSAN,MUB109,CLTR 46P,CABADA,1ST-105 INV12308 9.29,DAV2 to GENSAN,2026-09-30
2026-09-30,31962578,2026-09-30,18:20:00,,GENSAN,PLAS,MUA528,CLTR 22P,NACION,1ST-105 INV122294 9.29,GENSAN to PLAS,2026-09-30
2026-09-30,31946829,2026-09-30,18:20:00,19:25:00,PLAS,DAV2,MUA528,CLTR 46P,NACION,1ST-105 INV122294 9.29,PLAS to DAV2,2026-09-30
2026-09-30,31959006,2026-09-30,08:03:00,09:41:00,DAV2,GENSAN,MUA528,CKASALO 46P,NACION,1ST-105 INV122294 9.29,DAV2 to GENSAN,2026-09-30
2026-10-01,31966485,2026-09-30,01:50:00,,GENSAN,PLAS,MUA551,CLTR 46P,ASPACIO,3RD-105 INV12379 9.30,GENSAN to PLAS,2026-09-30
2026-10-01,31946835,2026-10-01,01:50:00,03:30:00,PLAS,DAV2,MUA551,CLTR 46P,ASPACIO,3RD-105 INV12379 9.30,PLAS to DAV2,2026-10-01
2026-10-01,31959007,2026-10-01,08:07:00,13:13:00,DAV2,GENSAN,MUA551,CKASALO 46P,ASPACIO,3RD-105 INV12379 9.30,DAV2 to GENSAN,2026-10-01
2026-10-01,31967594,2026-09-30,01:45:00,,GENSAN,PLAS,MUA548,CLTR 46P,MAMAC,3RD-105 INV12375 9.30,GENSAN to PLAS,2026-09-30
2026-10-01,31946834,2026-10-01,01:45:00,02:55:00,PLAS,DAV2,MUA548,CLTR 46P,MAMAC,3RD-105 INV12375 9.30,PLAS to DAV2,2026-10-01
2026-10-01,31959008,2026-10-01,08:28:00,10:36:00,DAV2,GENSAN,MUA548,CKASALO 46P,MAMAC,3RD-105 INV12375 9.30,DAV2 to GENSAN,2026-10-01
2026-10-01,31965579,2026-09-30,04:27:00,,GENSAN,PLAS,MUB289,CLTR 46P,SALCEDA,3RD-105 INV12368 9.30,GENSAN to PLAS,2026-09-30
2026-10-01,31946838,2026-10-01,04:27:00,06:30:00,PLAS,DAV2,MUB289,CLTR 46P,SALCEDA,3RD-105 INV12368 9.30,PLAS to DAV2,2026-10-01
2026-10-01,31973079-DIVERT,2026-10-01,08:12:00,13:54:00,DAV2,DAV1,MUB289,CKASALO 46P,SALCEDA,3RD-105 INV12368 9.30,DAV2 to DAV1,2026-10-01
2026-10-01,31965476,2026-10-01,15:14:00,19:51:00,DAV1,GENSAN,MUB289,CKASALO 46P,SALCEDA,3RD-105 INV12368 9.30,DAV1 to GENSAN,2026-10-01
2026-10-01,31967593,2026-10-01,14:27:00,,GENSAN,DAV1,MUA538,CKASALO 46P,MADAMBA,3RD-95 INV12378 9.30,GENSAN to DAV1,2026-10-01
2026-10-01,31956964,2026-10-01,16:32:00,,GENSAN,DAV1,MUB116,"RKSALO,SKAASALO 32P",ALICANTE,1ST-130 INV12307 9.29,GENSAN to DAV1,2026-10-01
2026-10-01,31958868,2026-10-01,14:27:00,19:50:00,DAV1,GENSAN,MUA538,"CTALL,STALL CBIB 36P",MADAMBA,3RD-95 INV12378 9.30,DAV1 to GENSAN,2026-10-01
2026-10-01,31974437,2026-10-01,14:27:00,19:52:00,DAV1,GENSAN,MUB116,STALL 36P,ALICANTE,1ST-130 INV12307 9.29,DAV1 to GENSAN,2026-10-01
2026-10-02,31971351,2026-10-01,04:30:00,,GENSAN,DAV1,MUA973,CKASALO 36P,LIRAY,2ND-120 INV12382/12402 10.1,GENSAN to DAV1,2026-10-01
2026-10-02,31975346,2026-10-02,04:30:00,08:45:00,DAV1,GENSAN,MUA973,CKASALO 36P,LIRAY,2ND-120 INV12382/12402 10.1,DAV1 to GENSAN,2026-10-02
2026-10-02,31974748,2026-10-01,02:15:00,,GENSAN,PLAS,MUB109,CLTR 46P,CABADA,2ND-105 INV12447 10.1,GENSAN to PLAS,2026-10-01
2026-10-02,31946877,2026-10-02,02:15:00,02:50:00,PLAS,DAV2,MUB109,CLTR 46P,CABADA,2ND-105 INV12447 10.1,PLAS to DAV2,2026-10-02
2026-10-02,31946796-HUSTLING,2026-10-02,08:24:00,09:18:00,DAV2,PLAS,MUB109,CLTR 46P,CABADA,2ND-105 INV12447 10.1,DAV2 to PLAS,2026-10-02
2026-10-02,31974748,2026-10-01,02:20:00,,GENSAN,PLAS,MUA518,CLTR 20P,LABISTO,2ND-115 INV12404 10.1,GENSAN to PLAS,2026-10-01
2026-10-02,31946878,2026-10-02,02:20:00,03:12:00,PLAS,DAV2,MUA518,CLTR 46P,LABISTO,2ND-115 INV12404 10.1,PLAS to DAV2,2026-10-02
2026-10-02,31966768,2026-10-02,08:30:00,09:54:00,DAV2,GENSAN,MUA518,CLTR 46P,LABISTO,2ND-115 INV12404 10.1,DAV2 to GENSAN,2026-10-02
2026-10-02,31973968,2026-10-01,08:45:00,,GENSAN,DAV1,MUB282,"C,R,STALL,CKASALO 36P",SAMARCA,2ND-110 INV12445 10.1,GENSAN to DAV1,2026-10-01
2026-10-02,31946886-HUSTLING,2026-10-02,09:28:00,11:07:00,PLAS,DAV2,MUB109,CLTR 46P,CABADA,2ND-105 INV12447 10.1,PLAS to DAV2,2026-10-02
2026-10-02,31975347,2026-10-02,08:45:00,11:20:00,DAV1,GENSAN,MUB282,CKASALO 36P,SAMARCA,2ND-110 INV12445 10.1,DAV1 to GENSAN,2026-10-02
2026-10-02,,2026-10-02,11:51:00,,DAV2,,MUB109,,CABADA,2ND-105 INV12447 10.1,,2026-10-02
2026-10-02,31974097,2026-10-01,09:01:00,,GENSAN,PLAS,MUB106,CLTR 46P,VALERA,2ND-105 INV12419 10.1,GENSAN to PLAS,2026-10-01
2026-10-02,31946884,2026-10-02,09:01:00,09:57:00,PLAS,DAV2,MUB106,CLTR 46P,VALERA,2ND-105 INV12419 10.1,PLAS to DAV2,2026-10-02
2026-10-02,31979648-HUSTLING,2026-10-02,12:47:00,15:37:00,DAV2,DAV1,MUB106,CKASALO 46P,VALERA,2ND-105 INV12419 10.1,DAV2 to DAV1,2026-10-02
